index,RMSE,MAE,R2
0,LSTM,16381.454224213428,14228.0,0.9905310488082705
1,LinearRegression,16221.040790693221,12433.0,0.9907155879704752
